experimentID,instanceID,instanceType,wallTime,testOption,1 KiB Throughput,1 MiB Throughput,1 GiB Throughput,4 GiB Throughput,total-time,thread-num
1652227678-0,i-0832575216a8eff99,m5d.large,53.46005916595459, -w -m32 -e1 -x0 -d2,15422.300061,11542.296942,8079.179116,8330.158977,"['256 12110.026979', '512 15047.546334', '1024 15422.300061', '2048 12763.130847', '4096 16050.789114', '8192 12159.276351', '16384 20745.653892', '32768 15625.088148', '65536 12870.386068', '131072 13185.977706', '262144 12263.042142', '524288 14024.906629', '1048576 11542.296942', '2097152 11683.019490', '4194304 11858.546012', '8388608 14572.893379', '16777216 10622.603021', '33554432 9556.482588', '67108864 8493.397178', '134217728 8274.381933', '268435456 8181.744142', '536870912 8331.449226', '1073741824 8079.179116', '2147483648 7946.383529', '4294967296 8330.158977', '']",
