experimentID,instanceID,instanceType,wallTime,startTime,endTime,testOption,1 KiB Throughput,1 MiB Throughput,1 GiB Throughput,4 GiB Throughput,total-time,thread-num
1659503443-0,i-0672ad5355d990c03,m5d.large,53.18882942199707,1659503521.3944259,1659503574.5832553, -w -m32 -e1 -x0 -d2,19665.233127,19358.646803,9405.656818,9303.817991,"['256 21471.518179', '512 22080.718727', '1024 19665.233127', '2048 21116.891396', '4096 21935.770368', '8192 22358.614064', '16384 22584.703970', '32768 21805.070338', '65536 20334.186846', '131072 20313.771130', '262144 20313.502868', '524288 20293.191820', '1048576 19358.646803', '2097152 18276.633022', '4194304 18204.763961', '8388608 17067.803371', '16777216 13769.179593', '33554432 9912.419036', '67108864 9338.207905', '134217728 9197.953668', '268435456 9255.928769', '536870912 9338.465491', '1073741824 9405.656818', '2147483648 9306.259130', '4294967296 9303.817991', '']",
