experimentID,instanceID,instanceType,wallTime,testOption,1 KiB Throughput,1 MiB Throughput,1 GiB Throughput,4 GiB Throughput,total-time,thread-num
1659488320-0,i-0672ad5355d990c03,m5d.large,53.21565818786621, -w -m32 -e1 -x0 -d2,19683.537224,19570.172822,9359.945200,9298.080852,"['256 21429.979143', '512 22090.808380', '1024 19683.537224', '2048 21130.545928', '4096 21983.872471', '8192 22397.246805', '16384 22591.833460', '32768 21797.715611', '65536 20337.502053', '131072 20331.800121', '262144 20326.091298', '524288 20149.555710', '1048576 19570.172822', '2097152 18271.860420', '4194304 18224.439260', '8388608 16919.819020', '16777216 13288.550460', '33554432 9847.632984', '67108864 9210.748231', '134217728 9190.712252', '268435456 9196.832870', '536870912 9244.573481', '1073741824 9359.945200', '2147483648 9296.367443', '4294967296 9298.080852', '']",,1659488401.6339042,1659488454.8495624
